<?xml version="1.0" encoding="UTF-8"?>

<!-- 
 * PopulateDatabase.xml
 *
 * Copyright (C) 2019 Universidad de Sevilla
 * 
 * The use of this project is hereby constrained to the conditions of the 
 * TDG Licence, a copy of which you may download from 
 * http://www.tdg-seville.info/License.html
 -->

<beans xmlns="http://www.springframework.org/schema/beans"
	xmlns:xsi="http://www.w3.org/2001/XMLSchema-instance"
	xsi:schemaLocation="
		http://www.springframework.org/schema/beans http://www.springframework.org/schema/beans/spring-beans.xsd
	">
	
	<!-- User accounts -->

	<bean id="userAccount1" class="security.UserAccount">
		<property name="username" value="admin" />
		<property name="password" value="21232f297a57a5a743894a0e4a801fc3" />
		<property name="authorities">
			<list>
				<bean class="security.Authority">
					<property name="authority" value="ADMIN" />
				</bean>
			</list>
		</property>
	</bean>
	
	<!-- Other domain beans come here -->	
	
	<!-- Administrator beans -->
	
	<bean id="admin" class="domain.Administrator">
		<property name="name" value="Luis" />
		<property name="middleName" value="Aprobador de" />
		<property name="surname" value="Depe uno" />
		<property name="photo"
			value="https://cdnb.20m.es/sites/76/2015/07/La-an%C3%A9cdota-sobre-la-famosa-e-ic%C3%B3nica-foto-de-Albert-Einstein-sacando-la-lengua.jpeg" />
		<property name="email" value="luc@gmail.com" />
		<property name="phone" value="639854163" />
		<property name="address" value="c/Tarfia" />
		<property name="spammer" value="false" />
		<property name="score"> <null />
		</property>
		<property name="socialProfiles">
			<list></list>
		</property>
		<property name="userAccount" ref="userAccount1" />
		<property name="boxes">
			<list>
				<ref bean="inBox1" />
				<ref bean="outBox1" />
				<ref bean="trashBox1" />
				<ref bean="notificationBox1" />
				<ref bean="spamBox1" />
			</list>
		</property>
	</bean>
	
	<!-- Box beans -->
	
	<bean id="inBox1" class="domain.Box">
		<property name="name" value="In box" />
		<property name="system" value="true" />
		<property name="actor" ref="admin" />
		<property name="parent">
			<null />
		</property>
		<property name="children">
			<list></list>
		</property>
		<property name="messages">
			<list></list>
		</property>
	</bean>

	<bean id="outBox1" class="domain.Box">
		<property name="name" value="Out box" />
		<property name="system" value="true" />
		<property name="actor" ref="admin" />
		<property name="parent">
			<null />
		</property>
		<property name="children">
			<list></list>
		</property>
		<property name="messages">
			<list></list>
		</property>
	</bean>

	<bean id="trashBox1" class="domain.Box">
		<property name="name" value="Trash box" />
		<property name="system" value="true" />
		<property name="actor" ref="admin" />
		<property name="parent">
			<null />
		</property>
		<property name="children">
			<list></list>
		</property>
		<property name="messages">
			<list></list>
		</property>
	</bean>
	
	<bean id="notificationBox1" class="domain.Box">
		<property name="name" value="Notification box" />
		<property name="system" value="true" />
		<property name="actor" ref="admin" />
		<property name="parent">
			<null />
		</property>
		<property name="children">
			<list></list>
		</property>
		<property name="messages">
			<list></list>
		</property>
	</bean>

	<bean id="spamBox1" class="domain.Box">
		<property name="name" value="Spam box" />
		<property name="system" value="true" />
		<property name="actor" ref="admin" />
		<property name="parent">
			<null />
		</property>
		<property name="children">
			<list></list>
		</property>
		<property name="messages">
			<list></list>
		</property>
	</bean>
	
	<!-- Configuration beans -->
	
	<bean id="configuration1" class="domain.Configuration">
		<property name="systemName" value="Acme Madrugá" />
		<property name="banner"
			value="https://image.ibb.co/iuaDgV/Untitled.png" />
		<property name="welcomeES"
			value="¡Bienvenidos a Acme Madrugá! El lugar para organizar tus procesiones." />
		<property name="welcomeEN"
			value="Welcome to Acme Madrugá, the site to organise your processions." />
		<property name="spamWords">
			<list>
				<value>sex</value>
				<value>viagra</value>
				<value>cialis</value>
				<value>one million</value>
				<value>you’ve been selected</value>
				<value>Nigeria</value>
				<value>sexo</value>
				<value>un millón</value>
				<value>ha sido seleccionado</value>
			</list>
		</property>
		<property name="countryCode" value="+34" />
		<property name="expireFinderMinutes" value="60" />
		<property name="maxFinderResults" value="10" />
		<property name="positiveWords">
			<list>
				<value>good</value>
				<value>fantastic</value>
				<value>excellent</value>
				<value>great</value>
				<value>amazing</value>
				<value>terrific</value>
				<value>beautiful</value>
				<value>bueno</value>
				<value>fantástico</value>
				<value>excelente</value>
				<value>increíble</value>
				<value>genial</value>
				<value>estupendo</value>
				<value>hermoso</value>
			</list>
		</property>
		<property name="negativeWords">
			<list>
				<value>not</value>
				<value>bad</value>
				<value>horrible</value>
				<value>average</value>
				<value>disaster</value>
				<value>no</value>
				<value>malo</value>
				<value>mediocre</value>
				<value>desastre</value>
			</list>
		</property>
		<property name="priorityList">
			<list>
				<value>HIGH</value>
				<value>NEUTRAL</value>
				<value>LOW</value>
			</list>
		</property>

	</bean>
	
	<!-- Position beans -->
	
	<bean id="position1" class="domain.Position">
		<property name="nameEN" value="President" />
		<property name="nameES" value="Presidente" />
	</bean>
	
	<bean id="position2" class="domain.Position">
		<property name="nameEN" value="Vice President" />
		<property name="nameES" value="Vicepresidente" />
	</bean>
	
	<bean id="position3" class="domain.Position">
		<property name="nameEN" value="Secretary" />
		<property name="nameES" value="Secretario" />
	</bean>
	
	<bean id="position4" class="domain.Position">
		<property name="nameEN" value="Treasurer" />
		<property name="nameES" value="Tesorero" />
	</bean>
	
	<bean id="position5" class="domain.Position">
		<property name="nameEN" value="Historian" />
		<property name="nameES" value="Historiador" />
	</bean>
	
	<bean id="position6" class="domain.Position">
		<property name="nameEN" value="Fundraiser" />
		<property name="nameES" value="Promotor" />
	</bean>
	
	<bean id="position7" class="domain.Position">
		<property name="nameEN" value="Officer" />
		<property name="nameES" value="Vocal" />
	</bean>
</beans>