<?xml version="1.0" encoding="UTF-8"?>

<!-- 
 * PopulateDatabase.xml
 *
 * Copyright (C) 2019 Universidad de Sevilla
 * 
 * The use of this project is hereby constrained to the conditions of the 
 * TDG Licence, a copy of which you may download from 
 * http://www.tdg-seville.info/License.html
 -->

<beans xmlns="http://www.springframework.org/schema/beans"
	xmlns:xsi="http://www.w3.org/2001/XMLSchema-instance"
	xsi:schemaLocation="
		http://www.springframework.org/schema/beans http://www.springframework.org/schema/beans/spring-beans.xsd
	">
	
	<!-- User account beans-->

	<bean id="userAccount1" class="security.UserAccount">
		<property name="username" value="admin" />
		<property name="password" value="21232f297a57a5a743894a0e4a801fc3" />
		<property name="banned" value="false"/>
		<property name="authorities">
			<list>
				<bean class="security.Authority">
					<property name="authority" value="ADMIN" />
				</bean>
			</list>
		</property>
	</bean>

	<bean id="userAccount2" class="security.UserAccount">
		<property name="username" value="brotherhood1" />
		<property name="password" value="479e3180a45b21ea8e88beb0c45aa8ed" />
		<property name="banned" value="false"/>
		<property name="authorities">
			<list>
				<bean class="security.Authority">
					<property name="authority" value="BROTHERHOOD" />
				</bean>
			</list>
		</property>
	</bean>
	
	<bean id="userAccount3" class="security.UserAccount">
		<property name="username" value="brotherhood2" />
		<property name="password" value="88f1b810c40cd63107fb758fef4d77db" />
		<property name="banned" value="false"/>
		<property name="authorities">
			<list>
				<bean class="security.Authority">
					<property name="authority" value="BROTHERHOOD" />
				</bean>
			</list>
		</property>
	</bean>
	
	<bean id="userAccount4" class="security.UserAccount">
		<property name="username" value="brotherhood3" />
		<property name="password" value="cb8f36c7d5bbbc6aa5798a0e5796ebd5" />
		<property name="banned" value="false"/>
		<property name="authorities">
			<list>
				<bean class="security.Authority">
					<property name="authority" value="BROTHERHOOD" />
				</bean>
			</list>
		</property>
	</bean>
	
	<bean id="userAccount5" class="security.UserAccount">
		<property name="username" value="member1" />
		<property name="password" value="c7764cfed23c5ca3bb393308a0da2306" />
		<property name="banned" value="false"/>
		<property name="authorities">
			<list>
				<bean class="security.Authority">
					<property name="authority" value="MEMBER" />
				</bean>
			</list>
		</property>
	</bean>
	
	<bean id="userAccount6" class="security.UserAccount">
		<property name="username" value="member2" />
		<property name="password" value="88ed421f060aadcacbd63f28d889797f" />
		<property name="banned" value="false"/>
		<property name="authorities">
			<list>
				<bean class="security.Authority">
					<property name="authority" value="MEMBER" />
				</bean>
			</list>
		</property>
	</bean>
	
	<bean id="userAccount7" class="security.UserAccount">
		<property name="username" value="member3" />
		<property name="password" value="3ef4802d8a37022fd187fbd829d1c4d6" />
		<property name="banned" value="false"/>
		<property name="authorities">
			<list>
				<bean class="security.Authority">
					<property name="authority" value="MEMBER" />
				</bean>
			</list>
		</property>
	</bean>

	<bean id="userAccount8" class="security.UserAccount">
		<property name="username" value="super" />
		<property name="password" value="1b3231655cebb7a1f783eddf27d254ca" />
		<property name="banned" value="false"/>
		<property name="authorities">
			<list>
				<bean class="security.Authority">
					<property name="authority" value="ADMIN" />
				</bean>
				<bean class="security.Authority">
					<property name="authority" value="BROTHERHOOD" />
				</bean>
				<bean class="security.Authority">
					<property name="authority" value="MEMBER" />
				</bean>
			</list>
		</property>
	</bean>
	
	<!-- Other domain beans come here -->	
	
	<!-- Administrator beans -->
	
	<bean id="admin" class="domain.Administrator">
		<property name="name" value="Luis" />
		<property name="middleName" value="Aprobador de" />
		<property name="surname" value="Depe uno" />
		<property name="photo"
			value="https://cdnb.20m.es/sites/76/2015/07/La-an%C3%A9cdota-sobre-la-famosa-e-ic%C3%B3nica-foto-de-Albert-Einstein-sacando-la-lengua.jpeg" />
		<property name="email" value="luc@gmail.com" />
		<property name="phone" value="639854163" />
		<property name="address" value="c/Tarfia" />
		<property name="spammer" value="false" />
		<property name="score"> <null />
		</property>
		<property name="socialProfiles">
			<list></list>
		</property>
		<property name="userAccount" ref="userAccount1" />
		<property name="boxes">
			<list>
				<ref bean="inBox1" />
				<ref bean="outBox1" />
				<ref bean="trashBox1" />
				<ref bean="notificationBox1" />
				<ref bean="spamBox1" />
			</list>
		</property>
	</bean>
	
	<!-- Area beans -->
	
	<bean id="area1" class="domain.Area">
		<property name="name" value="House of the rising sun" />
		<property name="pictures" value="https://i.imgur.com/QlKFUwW.png" />
		<property name="brotherhoods">
			<list>
				<ref bean="brotherhood1" />
				<ref bean="brotherhood3" />
			</list>
		</property> 

	</bean>
	
	<bean id="area2" class="domain.Area">
		<property name="name" value="House of the real god" />
		<property name="pictures" value="https://www.dw.com/image/39941729_403.jpg" />
		<property name="brotherhoods">
			<list>
				<ref bean="brotherhood2" />
			</list>
		</property>  

	</bean>
	
	<!-- Box beans -->
	
	<bean id="inBox1" class="domain.Box">
		<property name="name" value="In box" />
		<property name="system" value="true" />
		<property name="actor" ref="admin" />
		<property name="parent">
			<null />
		</property>
		<property name="children">
			<list></list>
		</property>
		<property name="messages">
			<list></list>
		</property>
	</bean>

	<bean id="outBox1" class="domain.Box">
		<property name="name" value="Out box" />
		<property name="system" value="true" />
		<property name="actor" ref="admin" />
		<property name="parent">
			<null />
		</property>
		<property name="children">
			<list></list>
		</property>
		<property name="messages">
			<list></list>
		</property>
	</bean>

	<bean id="trashBox1" class="domain.Box">
		<property name="name" value="Trash box" />
		<property name="system" value="true" />
		<property name="actor" ref="admin" />
		<property name="parent">
			<null />
		</property>
		<property name="children">
			<list></list>
		</property>
		<property name="messages">
			<list></list>
		</property>
	</bean>
	
	<bean id="notificationBox1" class="domain.Box">
		<property name="name" value="Notification box" />
		<property name="system" value="true" />
		<property name="actor" ref="admin" />
		<property name="parent">
			<null />
		</property>
		<property name="children">
			<list></list>
		</property>
		<property name="messages">
			<list></list>
		</property>
	</bean>

	<bean id="spamBox1" class="domain.Box">
		<property name="name" value="Spam box" />
		<property name="system" value="true" />
		<property name="actor" ref="admin" />
		<property name="parent">
			<null />
		</property>
		<property name="children">
			<list></list>
		</property>
		<property name="messages">
			<list></list>
		</property>
	</bean>

	<bean id="inBox2" class="domain.Box">
		<property name="name" value="In box" />
		<property name="system" value="true" />
		<property name="actor" ref="brotherhood1" />
		<property name="parent">
			<null />
		</property>
		<property name="children">
			<list></list>
		</property>
		<property name="messages">
			<list></list>
		</property>
	</bean>

	<bean id="outBox2" class="domain.Box">
		<property name="name" value="Out box" />
		<property name="system" value="true" />
		<property name="actor" ref="brotherhood1" />
		<property name="parent">
			<null />
		</property>
		<property name="children">
			<list></list>
		</property>
		<property name="messages">
			<list>
			</list>
		</property>
	</bean>

	<bean id="trashBox2" class="domain.Box">
		<property name="name" value="Trash box" />
		<property name="system" value="true" />
		<property name="actor" ref="brotherhood1" />
		<property name="parent">
			<null />
		</property>
		<property name="children">
			<list></list>
		</property>
		<property name="messages">
			<list></list>
		</property>
	</bean>
	
	<bean id="notificationBox2" class="domain.Box">
		<property name="name" value="Notification box" />
		<property name="system" value="true" />
		<property name="actor" ref="brotherhood1" />
		<property name="parent">
			<null />
		</property>
		<property name="children">
			<list></list>
		</property>
		<property name="messages">
			<list></list>
		</property>
	</bean>

	<bean id="spamBox2" class="domain.Box">
		<property name="name" value="Spam box" />
		<property name="system" value="true" />
		<property name="actor" ref="brotherhood1" />
		<property name="parent">
			<null />
		</property>
		<property name="children">
			<list></list>
		</property>
		<property name="messages">
			<list></list>
		</property>
	</bean>

	<bean id="inBox3" class="domain.Box">
		<property name="name" value="In box" />
		<property name="system" value="true" />
		<property name="actor" ref="brotherhood2" />
		<property name="parent">
			<null />
		</property>
		<property name="children">
			<list></list>
		</property>
		<property name="messages">
			<list></list>
		</property>
	</bean>

	<bean id="outBox3" class="domain.Box">
		<property name="name" value="Out box" />
		<property name="system" value="true" />
		<property name="actor" ref="brotherhood2" />
		<property name="parent">
			<null />
		</property>
		<property name="children">
			<list></list>
		</property>
		<property name="messages">
			<list></list>
		</property>
	</bean>

	<bean id="trashBox3" class="domain.Box">
		<property name="name" value="Trash box" />
		<property name="system" value="true" />
		<property name="actor" ref="brotherhood2" />
		<property name="parent">
			<null />
		</property>
		<property name="children">
			<list></list>
		</property>
		<property name="messages">
			<list></list>
		</property>
	</bean>
	
	<bean id="notificationBox3" class="domain.Box">
		<property name="name" value="Notification box" />
		<property name="system" value="true" />
		<property name="actor" ref="brotherhood2" />
		<property name="parent">
			<null />
		</property>
		<property name="children">
			<list></list>
		</property>
		<property name="messages">
			<list></list>
		</property>
	</bean>

	<bean id="spamBox3" class="domain.Box">
		<property name="name" value="Spam box" />
		<property name="system" value="true" />
		<property name="actor" ref="brotherhood2" />
		<property name="parent">
			<null />
		</property>
		<property name="children">
			<list></list>
		</property>
		<property name="messages">
			<list></list>
		</property>
	</bean>

	<bean id="inBox4" class="domain.Box">
		<property name="name" value="In box" />
		<property name="system" value="true" />
		<property name="actor" ref="brotherhood3" />
		<property name="parent">
			<null />
		</property>
		<property name="children">
			<list></list>
		</property>
		<property name="messages">
			<list></list>
		</property>
	</bean>

	<bean id="outBox4" class="domain.Box">
		<property name="name" value="Out box" />
		<property name="system" value="true" />
		<property name="actor" ref="brotherhood3" />
		<property name="parent">
			<null />
		</property>
		<property name="children">
			<list></list>
		</property>
		<property name="messages">
			<list></list>
		</property>
	</bean>

	<bean id="trashBox4" class="domain.Box">
		<property name="name" value="Trash box" />
		<property name="system" value="true" />
		<property name="actor" ref="brotherhood3" />
		<property name="parent">
			<null />
		</property>
		<property name="children">
			<list></list>
		</property>
		<property name="messages">
			<list></list>
		</property>
	</bean>
	
	<bean id="notificationBox4" class="domain.Box">
		<property name="name" value="Notification box" />
		<property name="system" value="true" />
		<property name="actor" ref="brotherhood3" />
		<property name="parent">
			<null />
		</property>
		<property name="children">
			<list></list>
		</property>
		<property name="messages">
			<list></list>
		</property>
	</bean>

	<bean id="spamBox4" class="domain.Box">
		<property name="name" value="Spam box" />
		<property name="system" value="true" />
		<property name="actor" ref="brotherhood3" />
		<property name="parent">
			<null />
		</property>
		<property name="children">
			<list></list>
		</property>
		<property name="messages">
			<list></list>
		</property>
	</bean>

	<bean id="inBox5" class="domain.Box">
		<property name="name" value="In box" />
		<property name="system" value="true" />
		<property name="actor" ref="member1" />
		<property name="parent">
			<null />
		</property>
		<property name="children">
			<list></list>
		</property>
		<property name="messages">
			<list>
			</list>
		</property>
	</bean>

	<bean id="outBox5" class="domain.Box">
		<property name="name" value="Out box" />
		<property name="system" value="true" />
		<property name="actor" ref="member1" />
		<property name="parent">
			<null />
		</property>
		<property name="children">
			<list></list>
		</property>
		<property name="messages">
			<list>
			</list>
		</property>
	</bean>

	<bean id="trashBox5" class="domain.Box">
		<property name="name" value="Trash box" />
		<property name="system" value="true" />
		<property name="actor" ref="member1" />
		<property name="parent">
			<null />
		</property>
		<property name="children">
			<list></list>
		</property>
		<property name="messages">
			<list></list>
		</property>
	</bean>

	<bean id="notificationBox5" class="domain.Box">
		<property name="name" value="Notification box" />
		<property name="system" value="true" />
		<property name="actor" ref="member1" />
		<property name="parent">
			<null />
		</property>
		<property name="children">
			<list></list>
		</property>
		<property name="messages">
			<list></list>
		</property>
	</bean>

	<bean id="spamBox5" class="domain.Box">
		<property name="name" value="Spam box" />
		<property name="system" value="true" />
		<property name="actor" ref="member1" />
		<property name="parent">
			<null />
		</property>
		<property name="children">
			<list></list>
		</property>
		<property name="messages">
			<list></list>
		</property>
	</bean>

	<bean id="inBox6" class="domain.Box">
		<property name="name" value="In box" />
		<property name="system" value="true" />
		<property name="actor" ref="member2" />
		<property name="parent">
			<null />
		</property>
		<property name="children">
			<list></list>
		</property>
		<property name="messages">
			<list></list>
		</property>
	</bean>

	<bean id="outBox6" class="domain.Box">
		<property name="name" value="Out box" />
		<property name="system" value="true" />
		<property name="actor" ref="member2" />
		<property name="parent">
			<null />
		</property>
		<property name="children">
			<list></list>
		</property>
		<property name="messages">
			<list></list>
		</property>
	</bean>

	<bean id="trashBox6" class="domain.Box">
		<property name="name" value="Trash box" />
		<property name="system" value="true" />
		<property name="actor" ref="member2" />
		<property name="parent">
			<null />
		</property>
		<property name="children">
			<list></list>
		</property>
		<property name="messages">
			<list></list>
		</property>
	</bean>

	<bean id="notificationBox6" class="domain.Box">
		<property name="name" value="Notification box" />
		<property name="system" value="true" />
		<property name="actor" ref="member2" />
		<property name="parent">
			<null />
		</property>
		<property name="children">
			<list></list>
		</property>
		<property name="messages">
			<list></list>
		</property>
	</bean>

	<bean id="spamBox6" class="domain.Box">
		<property name="name" value="Spam box" />
		<property name="system" value="true" />
		<property name="actor" ref="member2" />
		<property name="parent">
			<null />
		</property>
		<property name="children">
			<list></list>
		</property>
		<property name="messages">
			<list></list>
		</property>
	</bean>

	<bean id="inBox7" class="domain.Box">
		<property name="name" value="In box" />
		<property name="system" value="true" />
		<property name="actor" ref="member3" />
		<property name="parent">
			<null />
		</property>
		<property name="children">
			<list></list>
		</property>
		<property name="messages">
			<list></list>
		</property>
	</bean>

	<bean id="outBox7" class="domain.Box">
		<property name="name" value="Out box" />
		<property name="system" value="true" />
		<property name="actor" ref="member3" />
		<property name="parent">
			<null />
		</property>
		<property name="children">
			<list></list>
		</property>
		<property name="messages">
			<list></list>
		</property>
	</bean>

	<bean id="trashBox7" class="domain.Box">
		<property name="name" value="Trash box" />
		<property name="system" value="true" />
		<property name="actor" ref="member3" />
		<property name="parent">
			<null />
		</property>
		<property name="children">
			<list></list>
		</property>
		<property name="messages">
			<list></list>
		</property>
	</bean>
	
	<bean id="notificationBox7" class="domain.Box">
		<property name="name" value="Notification box" />
		<property name="system" value="true" />
		<property name="actor" ref="member3" />
		<property name="parent">
			<null />
		</property>
		<property name="children">
			<list></list>
		</property>
		<property name="messages">
			<list></list>
		</property>
	</bean>

	<bean id="spamBox7" class="domain.Box">
		<property name="name" value="Spam box" />
		<property name="system" value="true" />
		<property name="actor" ref="member3" />
		<property name="parent">
			<null />
		</property>
		<property name="children">
			<list></list>
		</property>
		<property name="messages">
			<list></list>
		</property>
	</bean>
	
	<!-- Brotherhood beans -->
	
	<bean id="brotherhood1" class="domain.Brotherhood">
		<property name="name" value="Antonio" />
		<property name="middleName" value="Tambien aprobador" />
		<property name="surname" value="Depe uno jeje" />
		<property name="photo"
			value="https://cdnb.20m.es/sites/76/2015/07/La-an%C3%A9cdota-sobre-la-famosa-e-ic%C3%B3nica-foto-de-Albert-Einstein-sacando-la-lengua.jpeg" />
		<property name="email" value="antoc@gmail.com" />
		<property name="phone" value="644854163" />
		<property name="address" value="c/Tarfia" />
		<property name="spammer" value="false" />
		<property name="score" value="-0.5"/>
		<property name="socialProfiles">
			<list>
				<ref bean="socialProfile1" />
			</list>
		</property>
		<property name="userAccount" ref="userAccount2" />
		<property name="boxes">
			<list>
				<ref bean="inBox2" />
				<ref bean="outBox2" />
				<ref bean="trashBox2" />
				<ref bean="notificationBox2" />
				<ref bean="spamBox2" />
			</list>
		</property>
		<property name="title" value="This is my brotherhood title!"/>
		<property name="establishmentDate" value="18/09/2010"/>
		<property name="pictures" value="https://www.mmogah.com/Public/news/guild1.jpg"/>
		<property name="area" ref="area1"/>
		<property name="processions">
			<list>
				<ref bean="procession1" />
				<ref bean="procession2" />
			</list>
		</property>
		<property name="enrolments">
			<list>
				<ref bean="enrolment1" />
				<ref bean="enrolment2" />
			</list>
		</property>
		<property name="floats">
			<list>
				<ref bean="float1" />
				<ref bean="float2" />
				<ref bean="float3" />
			</list>
		</property>
	</bean>
	
		<bean id="brotherhood2" class="domain.Brotherhood">
		<property name="name" value="Juanmita" />
		<property name="middleName" value="Amigo de charles" />
		<property name="surname" value="Aprobador tambien" />
		<property name="photo"
			value="https://cdnb.20m.es/sites/76/2015/07/La-an%C3%A9cdota-sobre-la-famosa-e-ic%C3%B3nica-foto-de-Albert-Einstein-sacando-la-lengua.jpeg" />
		<property name="email" value="juanmifotos@gmail.com" />
		<property name="phone" value="644774163" />
		<property name="address" value="c/Tarfia" />
		<property name="spammer" value="false" />
		<property name="score"> <null />
		</property>
		<property name="socialProfiles">
			<list>
				<ref bean="socialProfile2" />
			</list>
		</property>
		<property name="userAccount" ref="userAccount3" />
		<property name="boxes">
			<list>
				<ref bean="inBox3" />
				<ref bean="outBox3" />
				<ref bean="trashBox3" />
				<ref bean="notificationBox3" />
				<ref bean="spamBox3" />
			</list>
		</property>
		<property name="title" value="This is not my brotherhood title at all!"/>
		<property name="establishmentDate" value="18/10/2007"/>
		<property name="pictures" value="https://www.mmogah.com/Public/news/guild1.jpg"/>
		<property name="area" ref="area2"/>
		<property name="processions">
			<list>
				<ref bean="procession3" />
			</list>
		</property>
		<property name="enrolments">
			<list>
				<ref bean="enrolment3" />
				<ref bean="enrolment4" />
			</list>
		</property>
		<property name="floats">
			<list>
			</list>
		</property>
	</bean>
	
	<bean id="brotherhood3" class="domain.Brotherhood">
		<property name="name" value="Sergio" />
		<property name="middleName" value="Caballero" />
		<property name="surname" value="Queries" />
		<property name="photo"
			value="https://cdnb.20m.es/sites/76/2015/07/La-an%C3%A9cdota-sobre-la-famosa-e-ic%C3%B3nica-foto-de-Albert-Einstein-sacando-la-lengua.jpeg" />
		<property name="email" value="SergitoMaguito@gmail.com" />
		<property name="phone" value="644854223" />
		<property name="address" value="c/Tarfia" />
		<property name="spammer" value="false" />
		<property name="score"> <null />
		</property>
		<property name="socialProfiles">
			<list></list>
		</property>
		<property name="userAccount" ref="userAccount4" />
		<property name="boxes">
			<list>
				<ref bean="inBox4" />
				<ref bean="outBox4" />
				<ref bean="trashBox4" />
				<ref bean="notificationBox4" />
				<ref bean="spamBox4" />
			</list>
		</property>
		<property name="title" value="I hate oskira"/>
		<property name="establishmentDate" value="10/01/2009"/>
		<property name="pictures" value="https://www.mmogah.com/Public/news/guild1.jpg"/>
		<property name="area" ref="area1"/>
		<property name="processions">
			<list>
			</list>
		</property>
		<property name="enrolments">
			<list>
			</list>
		</property>
		<property name="floats">
			<list>
			</list>
		</property>
	</bean>
	
	<!-- Configuration beans -->
	
	<bean id="configuration1" class="domain.Configuration">
		<property name="systemName" value="Acme Madrugá" />
		<property name="banner"
			value="https://image.ibb.co/iuaDgV/Untitled.png" />
		<property name="welcomeES"
			value="¡Bienvenidos a Acme Madrugá! El lugar para organizar tus procesiones." />
		<property name="welcomeEN"
			value="Welcome to Acme Madrugá, the site to organise your processions." />
		<property name="spamWords">
			<list>
				<value>sex</value>
				<value>viagra</value>
				<value>cialis</value>
				<value>one million</value>
				<value>you’ve been selected</value>
				<value>Nigeria</value>
				<value>sexo</value>
				<value>un millón</value>
				<value>ha sido seleccionado</value>
			</list>
		</property>
		<property name="countryCode" value="+34" />
		<property name="expireFinderMinutes" value="60" />
		<property name="maxFinderResults" value="10" />
		<property name="positiveWords">
			<list>
				<value>good</value>
				<value>fantastic</value>
				<value>excellent</value>
				<value>great</value>
				<value>amazing</value>
				<value>terrific</value>
				<value>beautiful</value>
				<value>bueno</value>
				<value>fantástico</value>
				<value>excelente</value>
				<value>increíble</value>
				<value>genial</value>
				<value>estupendo</value>
				<value>hermoso</value>
			</list>
		</property>
		<property name="negativeWords">
			<list>
				<value>not</value>
				<value>bad</value>
				<value>horrible</value>
				<value>average</value>
				<value>disaster</value>
				<value>no</value>
				<value>malo</value>
				<value>mediocre</value>
				<value>desastre</value>
			</list>
		</property>
		<property name="priorityList">
			<list>
				<value>HIGH</value>
				<value>NEUTRAL</value>
				<value>LOW</value>
			</list>
		</property>

	</bean>
	
	<!-- Enrolment beans -->
	
	<bean id="enrolment1" class="domain.Enrolment">
		<property name="moment" value="2017/09/07" />
		<property name="position" ref="position1" />
		<property name="brotherhoodToMember" value="true"/>
		<property name="dropOutMoment">
			<null/>
		</property>
		<property name="brotherhood" ref="brotherhood1" />
		<property name="member" ref="member1" />
	</bean>

	<bean id="enrolment2" class="domain.Enrolment">
		<property name="moment" value="2015/10/03" />
		<property name="position" ref="position2" />
		<property name="brotherhoodToMember" value="true"/>
		<property name="dropOutMoment">
			<null/>
		</property>
		<property name="brotherhood" ref="brotherhood1" />
		<property name="member" ref="member2" />
	</bean>

	<bean id="enrolment3" class="domain.Enrolment">
		<property name="moment" value="2014/10/03" />
		<property name="position" ref="position3" />
		<property name="brotherhoodToMember" value="false"/>
		<property name="dropOutMoment" value="2015/09/02" />
		<property name="brotherhood" ref="brotherhood2" />
		<property name="member" ref="member2" />
	</bean>
	
	<bean id="enrolment4" class="domain.Enrolment">
		<property name="moment" value="2014/10/03" />
		<property name="position" ref="position3" />
		<property name="brotherhoodToMember" value="false"/>
		<property name="dropOutMoment" value="2019/09/07" />
		<property name="brotherhood" ref="brotherhood2" />
		<property name="member" ref="member3" />
	</bean>
	
	<!-- Finder beans (vacío)-->
	
	<!-- Float beans -->
	
	<bean id="float1" class="domain.Float">
		<property name="title" value="I'm a title" />
		<property name="description" value="I'm a nice description"/>
		<property name="pictures">
			<null />
		</property>
		<property name="processions">
			<list>
				<ref bean="procession1" />
			</list>
		</property>
		<property name="brotherhood" ref="brotherhood1"/>
	</bean>
	
	<bean id="float2" class="domain.Float">
		<property name="title" value="I'm a complete new title" />
		<property name="description" value="I'm an awesome description"/>
		<property name="pictures">
			<null />
		</property>
		<property name="processions">
			<list>
				<ref bean="procession1" />
			</list>
		</property>
		<property name="brotherhood" ref="brotherhood1"/>
	</bean>
	
	<bean id="float3" class="domain.Float">
		<property name="title" value="I'm a totally new title"/>
		<property name="description" value="I'm not a description"/>
		<property name="pictures">
			<null />
		</property>
		<property name="processions">
			<list>
				<ref bean="procession2" />
			</list>
		</property>
		<property name="brotherhood" ref="brotherhood1"/>
	</bean>
	
	<!-- Member beans -->
	
	<bean id="member1" class="domain.Member">
		<property name="name" value="Sergio" />
		<property name="middleName" value="Caballero" />
		<property name="surname" value="Queries" />
		<property name="photo"
			value="https://cdnb.20m.es/sites/76/2015/07/La-an%C3%A9cdota-sobre-la-famosa-e-ic%C3%B3nica-foto-de-Albert-Einstein-sacando-la-lengua.jpeg" />
		<property name="email" value="SergitoMaguito@gmail.com" />
		<property name="phone" value="644854223" />
		<property name="address" value="c/Tarfia" />
		<property name="spammer" value="false" />
		<property name="score"> <null />
		</property>
		<property name="socialProfiles">
			<list>
				<ref bean="socialProfile3" />
			</list>
		</property>
		<property name="userAccount" ref="userAccount5" />
		<property name="boxes">
			<list>
				<ref bean="inBox5" />
				<ref bean="outBox5" />
				<ref bean="trashBox5" />
				<ref bean="notificationBox5" />
				<ref bean="spamBox5" />
			</list>
		</property>
		<property name="finder">
			<null/>
		</property>
		<property name="enrolments">
			<list>
				<ref bean="enrolment1" />
			</list>
		</property>
		<property name="requests">
			<list>
				<ref bean="request1" />
			</list>
		</property>
	</bean>
	
	<bean id="member2" class="domain.Member">
		<property name="name" value="Cristian" />
		<property name="middleName" value="Rodriguez" />
		<property name="surname" value="Lopez" />
		<property name="photo"
			value="https://cdnb.20m.es/sites/76/2015/07/La-an%C3%A9cdota-sobre-la-famosa-e-ic%C3%B3nica-foto-de-Albert-Einstein-sacando-la-lengua.jpeg" />
		<property name="email" value="cristianrod@gmail.com" />
		<property name="phone" value="634157485" />
		<property name="address" value="c/Naranjo" />
		<property name="spammer" value="false" />
		<property name="score"> <null />
		</property>
		<property name="socialProfiles">
			<list>
				<ref bean="socialProfile4" />
			</list>
		</property>
		<property name="userAccount" ref="userAccount6" />
		<property name="boxes">
			<list>
				<ref bean="inBox6" />
				<ref bean="outBox6" />
				<ref bean="trashBox6" />
				<ref bean="notificationBox6" />
				<ref bean="spamBox6" />
			</list>
		</property>
		<property name="finder">
			<null/>
		</property>
		<property name="enrolments">
			<list>
				<ref bean="enrolment2" />
				<ref bean="enrolment3" />
			</list>
		</property>
		<property name="requests">
			<list>
				<ref bean="request2" />
			</list>
		</property>
	</bean>
	
	<bean id="member3" class="domain.Member">
		<property name="name" value="Laura" />
		<property name="middleName" value="Gil" />
		<property name="surname" value="Ramirez" />
		<property name="photo"
			value="https://cdnb.20m.es/sites/76/2015/07/La-an%C3%A9cdota-sobre-la-famosa-e-ic%C3%B3nica-foto-de-Albert-Einstein-sacando-la-lengua.jpeg" />
		<property name="email" value="lauragil@gmail.com" />
		<property name="phone" value="641112233" />
		<property name="address" value="c/Piedra" />
		<property name="spammer" value="false" />
		<property name="score"> <null />
		</property>
		<property name="socialProfiles">
			<list></list>
		</property>
		<property name="userAccount" ref="userAccount7" />
		<property name="boxes">
			<list>
				<ref bean="inBox7" />
				<ref bean="outBox7" />
				<ref bean="trashBox7" />
				<ref bean="notificationBox7" />
				<ref bean="spamBox7" />
			</list>
		</property>
		<property name="finder">
			<null/>
		</property>
		<property name="enrolments">
			<list>
				<ref bean="enrolment4" />
			</list>
		</property>
		<property name="requests">
			<list>
			</list>
		</property>
	</bean>
	
	<!-- Message beans (vacío) -->
	
	<bean id="message1" class="domain.Message">
		<property name="sent" value="10/10/2010 10:00" />
		<property name="subject" value="Prueba" />
		<property name="body" value="Me gusta bailar pene dick Nigeria malo no me gusta bad" />
		<property name="priority" value="HIGH" />
		<property name="spam" value="true" />
		<property name="tags" value="hola que tal" />
		<property name="sender" ref="brotherhood2" />
		<property name="recipient" ref="brotherhood3" />
		<property name="boxes">
			<list>
				<ref bean="outBox3" />
				<ref bean="inBox4" />
			</list>
		</property>
	</bean>
	
	<!-- Position beans -->
	
	<bean id="position1" class="domain.Position">
		<property name="nameEN" value="President" />
		<property name="nameES" value="Presidente" />
	</bean>
	
	<bean id="position2" class="domain.Position">
		<property name="nameEN" value="Vice President" />
		<property name="nameES" value="Vicepresidente" />
	</bean>
	
	<bean id="position3" class="domain.Position">
		<property name="nameEN" value="Secretary" />
		<property name="nameES" value="Secretario" />
	</bean>
	
	<bean id="position4" class="domain.Position">
		<property name="nameEN" value="Treasurer" />
		<property name="nameES" value="Tesorero" />
	</bean>
	
	<bean id="position5" class="domain.Position">
		<property name="nameEN" value="Historian" />
		<property name="nameES" value="Historiador" />
	</bean>
	
	<bean id="position6" class="domain.Position">
		<property name="nameEN" value="Fundraiser" />
		<property name="nameES" value="Promotor" />
	</bean>
	
	<bean id="position7" class="domain.Position">
		<property name="nameEN" value="Officer" />
		<property name="nameES" value="Vocal" />
	</bean>
	

	
	<!-- Procession beans -->
	
	<bean id="procession1" class="domain.Procession">
		<property name="ticker" value="180528-YFRDE" />
		<property name="title" value="First procession" />
		<property name="description" value="This is my first procession and I love it!" />
		<property name="maxRow" value="5"/>
		<property name="maxColumn" value="7"/>
		<property name="moment" value="25/04/2019 10:20" />
		<property name="finalMode" value="true" />
		<property name="brotherhood" ref="brotherhood1" />
		<property name="floats">
			<list>
				<ref bean="float1" />
				<ref bean="float2" />
			</list>
		</property>
		<property name="requests">
			<list>
				<ref bean="request1" />
				<ref bean="request2" />
			</list>
		</property>
	</bean>
	
	<bean id="procession2" class="domain.Procession">
		<property name="ticker" value="180528-YZZDE" />
		<property name="title" value="Second procession" />
		<property name="description" value="This is not first procession and I don't love it anymore!" />
		<property name="maxRow" value="6"/>
		<property name="maxColumn" value="6"/>
		<property name="moment" value="10/09/2019 12:20" />
		<property name="finalMode" value="false" />
		<property name="brotherhood" ref="brotherhood1" />
		<property name="floats">
			<list>
				<ref bean="float3" />
			</list>
		</property>
		<property name="requests">
			<list>
				<ref bean="request2" />
				<ref bean="request3" />
				<ref bean="request5" />
			</list>
		</property>
	</bean>
	
	<bean id="procession3" class="domain.Procession">
		<property name="ticker" value="180528-YAADE" />
		<property name="title" value="Let's do a procession" />
		<property name="maxRow" value="10"/>
		<property name="maxColumn" value="10"/>
		<property name="description" value="Move forward!" />
		<property name="moment" value="15/09/2019 12:25" />
		<property name="finalMode" value="false" />
		<property name="brotherhood" ref="brotherhood2" />
		<property name="floats">
			<list>
			</list>
		</property>
		<property name="requests">
			<list>
			</list>
		</property>
	</bean>
	
	<!-- Request beans -->
	
	<bean id="request1" class="domain.Request">
		<property name="status" value="REJECTED" />
		<property name="customRow"><null/></property>
		<property name="customColumn"><null/></property>
		<property name="reason" value="I DONT LIKE YOU." />
		<property name="member" ref="member1" />
		<property name="procession" ref="procession1" />
	</bean>
	
	<bean id="request2" class="domain.Request">
		<property name="status" value="APPROVED" />
		<property name="customRow" value="2" />
		<property name="customColumn" value="3" />
		<property name="reason" value="Don't have a reason yet." />
		<property name="member" ref="member2" />
		<property name="procession" ref="procession2" />
	</bean>
	
	<bean id="request3" class="domain.Request">
		<property name="status" value="REJECTED" />
		<property name="customRow"><null/></property>
		<property name="customColumn"><null/></property>
		<property name="reason" value="You don't meet the requirements" />
		<property name="member" ref="member2" />
		<property name="procession" ref="procession2" />
	</bean>
	
	<bean id="request4" class="domain.Request">
		<property name="status" value="APPROVED" />
		<property name="customRow" value="1" />
		<property name="customColumn" value="0" />
		<property name="reason" value="You meet the requirements" />
		<property name="member" ref="member1" />
		<property name="procession" ref="procession1" />
	</bean>
	
	<bean id="request5" class="domain.Request">
		<property name="status" value="APPROVED" />
		<property name="customRow" value="1" />
		<property name="customColumn" value="1" />
		<property name="reason" value="Hello bro, good morning" />
		<property name="member" ref="member2" />
		<property name="procession" ref="procession1" />
	</bean>
	<!-- Social Profile beans -->
	
	<bean id="socialProfile1" class="domain.SocialProfile">
		<property name="nick" value="Luis1" />
		<property name="socialNetwork" value="Instagram" />
		<property name="profileLink" value="https://www.instagram.com" />
		<property name="actor" ref="brotherhood1" />
	</bean>

	<bean id="socialProfile2" class="domain.SocialProfile">
		<property name="nick" value="Juan2" />
		<property name="socialNetwork" value="Instagram" />
		<property name="profileLink" value="https://www.instagram.com" />
		<property name="actor" ref="brotherhood2" />
	</bean>

	<bean id="socialProfile3" class="domain.SocialProfile">
		<property name="nick" value="Antonio3" />
		<property name="socialNetwork" value="Instagram" />
		<property name="profileLink" value="https://www.instagram.com" />
		<property name="actor" ref="member1" />
	</bean>

	<bean id="socialProfile4" class="domain.SocialProfile">
		<property name="nick" value="Francisco4" />
		<property name="socialNetwork" value="Instagram" />
		<property name="profileLink" value="https://www.instagram.com" />
		<property name="actor" ref="member2" />
	</bean>
	
	
</beans>