<?xml version="1.0" encoding="UTF-8"?>

<!-- 
  * tiles.xml 
  * 
  * Copyright (C) 2019 Universidad de Sevilla 
  * 
  * The use of this project is hereby constrained to the conditions of the 
  * TDG Licence, a copy of which you may download from 
  * http://www.tdg-seville.info/License.html 
-->

<beans xmlns="http://www.springframework.org/schema/beans"
	xmlns:util="http://www.springframework.org/schema/util" xmlns:xsi="http://www.w3.org/2001/XMLSchema-instance"
	xsi:schemaLocation="
		http://www.springframework.org/schema/beans http://www.springframework.org/schema/beans/spring-beans-4.0.xsd
		http://www.springframework.org/schema/util http://www.springframework.org/schema/util/spring-util-4.0.xsd
	">

	<util:list id="tiles">
		<value>/views/master-page/tiles.xml</value>		
		<value>/views/misc/tiles.xml</value>		
		<value>/views/security/tiles.xml</value>
		<value>/views/welcome/tiles.xml</value>
		
		<value>/views/administrator/messages</value>
		<value>/views/area/messages</value>
		<value>/views/box/messages</value>
		<value>/views/brotherhood/messages</value>
		<value>/views/configuration/messages</value>
		<value>/views/enrolment/messages</value>
		<value>/views/finder/messages</value>
		<value>/views/float/messages</value>
		<value>/views/member/messages</value>
		<value>/views/message/messages</value>
		<value>/views/position/messages</value>
		<value>/views/procession/messages</value>
		<value>/views/request/messages</value>
		<value>/views/socialProfile/messages</value>
	</util:list>

</beans>